id,rank,name,pos,school,year,size,weight,speed,tier,consensusRank,sourceCount
1,1,Fernando Mendoza,QB,Indiana,Junior,6'5,225,4.85,1,2.8,10
2,2,Caleb Downs,S,Ohio State,Junior,6'0,205,4.45,1,3,10
3,3,Arvell Reese,LB,Ohio State,Junior,6'4,243,4.52,1,3.6,10
4,4,Jeremiyah Love,RB,Notre Dame,Junior,6'0,214,4.4,1,4.7,10
5,5,Rueben Bain,EDGE,Miami (FL),Junior,6'3,275,4.72,1,5.4,10
6,6,Carnell Tate,WR,Ohio State,Junior,6'3,195,4.6,1,7.5,10
7,7,Jordyn Tyson,WR,Arizona State,Junior,6'2,200,4.5,1,7.9,10
8,8,David Bailey,EDGE,Texas Tech,Senior,6'3,250,4.52,1,9.4,10
9,9,Peter Woods,DL,Clemson,Junior,6'3,315,4.75,1,9.9,10
10,10,Keldric Faulk,EDGE,Auburn,Junior,6'6,285,4.74,1,11,10
11,11,Jermod McCoy,CB,Tennessee,Junior,6'0,193,4.52,1,11.3,10
12,12,Mansoor Delane,CB,LSU,Senior,6'0,190,4.44,1,11.8,10
13,13,Makai Lemon,WR,USC,Junior,5'11,195,4.48,2,14,10
14,14,Sonny Styles,LB,Ohio State,Senior,6'4,243,4.48,2,14.9,10
15,15,Kenyon Sadiq,TE,Oregon,Junior,6'3,245,4.55,2,15.6,10
16,16,Avieon Terrell,CB,Clemson,Junior,5'11,180,4.39,2,17.2,9
17,17,Ty Simpson,QB,Alabama,Junior,6'2,208,4.8,2,18.5,9
18,18,Denzel Boston,WR,Washington,Junior,6'4,209,4.52,2,20,10
19,19,Kayden McDonald,DL,Ohio State,Junior,6'3,326,5.15,2,21.3,8
20,20,C.J. Allen,LB,Georgia,Junior,6'2,235,4.55,2,22.6,10
21,21,Kevin Concepcion,WR,Texas A&M,Junior,5'11,190,4.46,2,23.3,8
22,22,Cashius Howell,EDGE,Texas A&M,Senior,6'4,248,4.65,2,23.8,9
23,23,T.J. Parker,EDGE,Clemson,Junior,6'3,265,4.65,2,24.7,8
24,24,Caleb Banks,DL,Florida,Senior,6'6,330,5.2,2,25.3,6
25,25,Christen Miller,DL,Georgia,Junior,6'4,305,4.9,3,28,7
26,26,Colton Hood,CB,Tennessee,Sophomore,6'0,195,4.43,3,28.9,7
27,27,Brandon Cisse,CB,South Carolina,Junior,6'0,190,4.35,3,29.6,8
28,28,Chris Bell,WR,Louisville,Senior,6'2,220,4.44,3,33.1,8
29,29,R Mason Thomas,EDGE,Oklahoma,Senior,6'2,249,4.62,3,34.4,7
30,30,Akheem Mesidor,EDGE,Miami (FL),Senior,6'3,280,4.9,3,34.7,9
31,31,Anthony Hill Jr.,LB,Texas,Junior,6'3,238,4.5,3,34.8,8
32,32,Keith Abney II,CB,Arizona State,Junior,6'0,190,4.46,3,36.3,6
33,33,Chris Johnson,CB,San Diego State,Senior,6'0,185,4.55,3,40.8,6
34,34,Romello Height,EDGE,Texas Tech,Junior,6'3,240,4.7,3,43.2,7
35,35,L.T. Overton,EDGE,Alabama,Senior,6'5,278,4.85,3,43.6,7
36,36,Kamari Ramsey,S,USC,Junior,6'0,205,4.52,3,43.7,8
37,37,Dillon Thieneman,S,Oregon,Junior,6'0,205,4.35,3,44,7
38,38,Germie Bernard,WR,Alabama,Senior,6'1,204,4.52,3,45.1,8
39,39,Emmanuel McNeil-Warren,S,Toledo,Senior,6'2,202,4.52,3,45.2,7
40,40,Lee Hunter,DL,Texas Tech,Senior,6'4,325,5.2,3,45.9,3
41,41,Joshua Josephs,EDGE,Tennessee,Senior,6'3,240,4.68,3,47.4,7
42,42,Chris Brazzell,WR,Tennessee,Junior,6'5,200,4.48,3,47.7,6
43,43,D'angelo Ponds,CB,Indiana,Junior,5'9,170,4.35,3,49.6,7
44,44,Jake Golday,LB,Cincinnati,Senior,6'4,240,4.55,3,49.8,7
45,45,A.J. Haulcy,S,LSU,Senior,6'0,222,4.55,3,50.4,6
46,46,Max Klare,TE,Ohio State,Junior,6'5,243,4.7,3,51.4,7
47,47,Elijah Sarratt,WR,Indiana,Senior,6'2,209,4.6,3,51.5,6
48,48,Zion Young,EDGE,Missouri,Senior,6'5,262,4.76,3,52,8
49,49,Keionte Scott,S,Miami (FL),Senior,6'0,192,4.44,4,52.1,6
50,50,Ja'Kobi Lane,WR,USC,Junior,6'4,200,4.55,4,53.1,7
51,51,Gabe Jacas,EDGE,Illinois,Senior,6'3,275,4.8,4,53.6,6
52,52,Lee Hunter,DL,Texas Tech,Senior,6'4,325,5.2,4,54.5,4
53,53,Josiah Trotter,LB,Missouri,Sophomore,6'2,237,4.61,4,55.7,5
54,54,Deontae Lawson,LB,Alabama,Senior,6'2,228,4.6,4,56.1,6
55,55,Jaishawn Barham,EDGE,Michigan,Senior,6'3,243,,4,56.9,2
56,56,Zachariah Branch,WR,Georgia,Junior,5'10,180,4.35,4,57,7
57,57,Omar Cooper Jr.,WR,Indiana,Junior,6'0,201,4.49,4,60,6
58,58,Domonique Orange,DL,Iowa State,Senior senior,6'4,325,5.3,4,60.5,7
59,59,Jadarian Price,RB,Notre Dame,Junior,5'11,209,4.44,4,61.6,8
60,60,Eli Stowers,TE,Vanderbilt,Senior,6'4,235,4.55,4,61.6,6
61,61,Jonah Coleman,RB,Washington,Senior,5'9,228,4.5,4,63.1,6
62,62,Taurean York,LB,Texas A&M,Junior,5'10,227,4.58,4,65.6,5
63,63,Julian Neal,CB,Arkansas,Senior,6'2,200,4.58,4,65.7,6
64,64,Antonio Williams,WR,Clemson,Junior,5'11,190,4.45,4,66.2,7
65,65,Chandler Rivers,CB,Duke,Senior,5'10,185,4.45,4,69.4,4
66,66,Dani Dennis-Sutton,EDGE,Penn State,Senior,6'5,265,4.68,4,69.7,7
67,67,Jamari Johnson,TE,Oregon,Sophomore,6'5,257,,4,70,1
68,68,Malik Muhammad,CB,Texas,Junior,6'0,198,4.47,4,71.6,6
69,69,Darrell Jackson Jr.,DL,Florida State,Senior,6'5,337,5.05,4,72.6,7
70,70,Will Lee III,CB,Texas A&M,Senior,6'1,189,4.55,4,72.8,7
71,71,Derrick Moore,EDGE,Michigan,Senior,6'3,260,4.65,4,74.3,7
72,72,Anthony Lucas,EDGE,USC,Senior,6'5,285,4.85,4,74.8,6
73,73,Ahmad Moten Sr.,DL,Miami (FL),Senior,6'3,324,,4,76,4
74,74,Dontay Corleone,DL,Cincinnati,Senior,6'1,335,5.1,4,76.1,6
75,75,Michael Trigg,TE,Baylor,Senior,6'4,240,4.7,4,77.5,6
76,76,Arion Carter,LB,Tennessee,,6'1,235,,4,78,1
77,77,Emmett Johnson,RB,Nebraska,Junior,5'11,200,4.52,4,80.4,5
78,78,Malachi Fields,WR,Notre Dame,Senior,6'4,223,4.5,4,81.9,7
79,79,Tyreak Sapp,EDGE,Florida,Junior,6'3,272,4.76,4,82.2,7
80,80,Garrett Nussmeier,QB,LSU,Senior,6'1,205,4.82,4,82.4,7
81,81,Carson Beck,QB,Miami (FL),Senior,6'4,220,4.84,4,82.4,6
82,82,Jalon Kilgore,CB,South Carolina,Junior,6'1,211,,4,82.5,2
83,83,Genesis Smith,S,Arizona,Junior,6'2,202,4.5,4,83.4,6
84,84,Daylen Everette,CB,Georgia,Senior,6'1,190,4.34,4,85.2,5
85,85,Harold Perkins,LB,LSU,Junior,6'1,222,4.45,4,85.3,7
86,86,Michael Taaffe,S,Texas,Senior,6'0,189,4.55,4,85.5,4
87,87,Deion Burks,WR,Oklahoma,Senior,5'9,188,4.43,4,85.8,6
88,88,Clay Patterson,DL,Stanford,Senior,6'3,280,,4,86,1
89,89,Jaishawn Barham,LB,Michigan,Senior,6'3,243,4.55,4,86.1,5
90,90,Davison Igbinosun,CB,Ohio State,Senior,6'2,195,4.34,4,86.1,6
91,91,Skyler Bell,WR,UConn,Senior,6'0,185,4.43,4,86.6,5
92,92,Zakee Wheatley,S,Penn State,Senior,6'2,200,4.4,4,88.5,6
93,93,Trinidad Chambliss,QB,Mississippi,Senior,6'1,200,4.45,4,90,6
94,94,Nick Singleton,RB,Penn State,Senior,6'0,224,4.39,4,93.9,5
95,95,Cian Sloan,LB,North Carolina State,Senior,6'4,252,,4,94,1
96,96,Jacob Rodriguez,LB,Texas Tech,Senior,6'1,230,4.7,4,94,6
97,97,Kaytron Allen,RB,Penn State,Senior,5'11,217,4.55,4,94.7,6
98,98,Demond Claiborne,RB,Wake Forest,Senior,5'10,195,4.42,4,95.1,7
99,99,Mikail Kamara,EDGE,Indiana,Senior,6'1,265,4.8,4,95.2,4
100,100,Jack Endries,TE,Texas,Junior,6'4,240,4.68,4,96.7,6
101,101,Joe Royer,TE,Cincinnati,Senior,6'5,250,4.65,5,102.9,3
102,102,Justin Joly,TE,NC State,Senior,6'3,251,4.75,5,103.8,5
103,103,C.J. Daniels,WR,Miami (FL),Senior,6'2,205,4.44,5,104.2,5
104,104,Jaheim Lawson,EDGE,Clemson,Junior,6'2,255,4.72,5,104.4,1
105,105,Drew Allar,QB,Penn State,Senior,6'5,235,4.9,5,105.2,6
106,106,DeMonte Capehart,DL,Clemson,Senior,6'5,313,4.75,5,105.6,6
107,107,Joe Royer,TE,Cincinnati,Senior,6'5,250,4.65,5,107.5,3
108,108,Malachi Lawrence,EDGE,UCF,Senior,6'4,250,4.78,5,107.7,5
109,109,Wesley Williams,EDGE,Duke,Junior,6'3,265,,5,108,1
110,110,Domani Jackson,CB,Alabama,Senior,6'1,196,4.28,5,108.5,6
111,111,Seth McGowan,RB,Kentucky,Junior,6'1,220,4.55,5,108.8,2
112,112,Wydett Williams,S,Ole Miss,Senior,6'2,210,,5,108.9,2
113,113,Eli Raridon,TE,Notre Dame,Senior,6'7,251,4.78,5,109,5
114,114,Tacario Davis,CB,Washington,Senior,6'4,200,4.51,5,109,5
115,115,Aaron Anderson,WR,LSU,Junior,5'8,188,4.34,5,110.7,6
116,116,Zxavian Harris,DL,Mississippi,Senior,6'8,330,,5,110.8,5
117,117,Hezekiah Masses,CB,California,,,,,5,110.8,4
118,118,Kevin Coleman Jr.,WR,Missouri,Senior,5'11,180,4.4,5,111.1,6
119,119,Kyle Louis,LB,Pittsburgh,Junior,6'1,220,4.65,5,111.5,5
120,120,Cade Klubnik,QB,Clemson,Senior,6'2,210,4.65,5,111.6,6
121,121,Oscar Delp,TE,Georgia,Senior,6'5,245,4.52,5,111.8,6
122,122,Tim Keenan III,DL,Alabama,Senior,6'2,320,5.2,5,112.4,6
123,123,Eric Rivers,WR,Georgia Tech,Senior,5'11,180,4.38,5,112.5,6
124,124,DeShon Singleton,S,Nebraska,Senior,6'3,210,,5,116,1
125,125,Ted Hurst,WR,Georgia State,Senior,6'3,185,4.48,5,116.3,5
126,126,Jalon Kilgore,S,South Carolina,Junior,6'1,211,4.48,5,116.4,4
127,127,Alex McLaughlin,S,Washington,Junior,6'2,198,,5,117.8,1
128,128,TJ Hall,CB,Iowa,Senior,6'0,190,,5,117.8,2
129,129,David Oke,DL,Arkansas,Senior,6'2,314,,5,120.3,2
130,130,Josh Cameron,WR,Baylor,Senior,6'1,224,,5,121.5,4
131,131,Jordan van den Berg,EDGE,Georgia Tech,Senior,6'3,300,,5,121.8,2
132,132,Xavier Scott,CB,Illinois,Senior,5'11,195,,5,121.8,3
133,133,Albert Regis,DL,Texas A&M,Senior,6'1,317,4.85,5,122,4
134,134,Skyler Gill-Howard,DL,Texas Tech,Senior,6'1,290,4.9,5,122.2,5
135,135,Bishop Fitzgerald,S,USC,Senior,5'11,205,4.42,5,122.3,4
136,136,Louis Moore,S,Indiana,Senior,5'11,200,,5,123.3,2
137,137,Bryce Lance,WR,North Dakota State,Senior,6'3,209,4.6,5,123.5,5
138,138,Jaden Greathouse,WR,Notre Dame,Junior,6'1,212,4.55,5,124.4,1
139,139,Trey Moore,EDGE,Texas,Senior,6'3,249,4.6,5,125.3,2
140,140,Brent Austin,CB,California,Senior,5'11,180,,5,125.6,3
141,141,Lander Barton,LB,Utah,Senior,6'5,236,4.55,5,125.8,5
142,142,Aaron Graves,DL,Iowa,Senior,6'5,295,4.9,5,126.9,2
143,143,J'Mari Taylor,RB,Virginia,Senior,5'9,204,4.39,5,127.4,4
144,144,Jeff Caldwell,WR,Cincinnati,,,,,5,127.5,2
145,145,Caden Curry,EDGE,Ohio State,Senior,6'3,260,4.78,5,128,6
146,146,Red Murdock,LB,Buffalo,Senior,6'3,240,4.77,5,128,4
147,147,Max Llewellyn,EDGE,Iowa,Senior,6'5,263,,5,128.6,3
148,148,Brenen Thompson,WR,Mississippi State,Senior,5'9,170,4.34,5,128.9,6
149,149,TJ Guy,EDGE,Michigan,Graduated,6'4,250,,5,129.3,2
150,150,Dallen Bentley,TE,Utah,Senior,6'4,259,,5,129.6,5
151,151,Zane Durant,DL,Penn State,Senior,6'1,294,4.66,5,129.6,5
152,152,Chase Roberts,WR,BYU,Senior,6'4,210,4.5,5,130.2,3
153,153,Dae'Quan Wright,TE,Mississippi,Senior,6'4,255,,5,130.3,4
154,154,Aiden Fisher,LB,Indiana,Senior,6'1,231,,5,132.1,3
155,155,Keanu Tanuvasa,DL,BYU,Junior,6'4,300,,5,133,1
156,156,Sam Roush,TE,Stanford,Senior,6'5,260,,5,133,4
157,157,Le'Veon Moss,RB,Texas A&M,Senior,5'11,210,4.42,5,133.2,3
158,158,Mike Washington Jr.,RB,Arkansas,Senior,6'2,223,4.45,5,134.1,3
159,159,Nadame Tucker,EDGE,Western Michigan,Senior,6'3,250,,5,137,3
160,160,Trey Moore,LB,Texas,Senior,6'3,249,,5,137.1,2
161,161,Treydan Stukes,CB,Arizona,Senior,6'2,200,,5,137.4,5
162,162,Keyron Crawford,EDGE,Auburn,Senior,6'4,255,,5,138.1,4
163,163,Zavion Thomas,WR,LSU,Senior,5'10,192,,5,138.3,1
164,164,Rayshaun Benny,DL,Michigan,Senior,6'4,305,4.9,5,139.2,3
165,165,Thaddeus Dixon,CB,North Carolina,Senior,6'1,185,4.46,5,140.7,4
166,166,Jack Strand,QB,Minnesota State,Junior,6'5,240,,5,142.2,1
167,167,Jakobe Thomas,S,Miami,Senior,6'2,200,4.55,5,142.7,3
168,168,Josh Cuevas,TE,Alabama,Senior,6'3,256,,5,143.9,4
169,169,Diego Pavia,QB,Vanderbilt,Senior,6'0,207,4.59,5,144.5,4
170,170,Tanner Koziol,TE,Houston,Senior,6'7,240,4.76,5,146.1,4
171,171,Nick Barrett,DL,South Carolina,Senior,6'2,323,,5,146.4,3
172,172,Terion Stewart,RB,Virginia Tech,Graduated,5'9,222,,5,147.3,3
173,173,Jalen Stroman,S,Notre Dame,Senior,6'1,201,,5,147.6,3
174,174,Robert Spears Jennings,S,Oklahoma,Senior,6'0,213,,5,147.7,3
175,175,Patrick Payton,EDGE,LSU,Senior,6'6,255,,5,147.8,3
176,176,Lance Mason,TE,Wisconsin,Senior,6'4,240,,5,148.3,3
177,177,Josh Moten,CB,Southern Miss,Senior,6'0,185,4.43,5,148.3,3
178,178,Jermaine Mathews Jr.,CB,Ohio State,Junior,5'11,190,4.38,5,150.3,3
179,179,Vincent Anthony Jr,EDGE,Duke,Senior,6'6,260,,5,150.7,5
180,180,Channing Canada,CB,TCU,Senior,6'1,190,,5,150.7,2
181,181,John Michael Gyllenborg,TE,Wyoming,Senior,6'5,251,,5,151.3,5
182,182,Marlin Klein,TE,Michigan,Senior,6'6,250,,5,151.9,3
183,183,Chris McClellon,DL,Missouri,Senior,6'4,323,,5,152,5
184,184,Christian Gray,CB,Notre Dame,Junior,6'0,188,4.45,5,152.1,2
185,185,Riley Nowakowski,TE,Indiana,Senior,6'2,249,,5,157,2
186,186,Ethan Burke,EDGE,Texas,Senior,6'6,259,,5,157.4,4
187,187,Taylen Green,QB,Arkansas,Senior,6'6,224,4.44,5,157.4,4
188,188,Bud Clark,S,TCU,Senior,6'2,185,4.48,5,157.8,3
189,189,George Gumbs Jr,EDGE,Florida,Senior,6'4,250,,5,158.3,2
190,190,Cam Miller,CB,Rutgers,Senior,6'0,184,,5,160,1
191,191,Bryce Boettcher,LB,Oregon,Senior,6'2,232,4.7,5,160.8,3
192,192,Tyler Onyedim,DL,Texas A&M,Senior,6'3,295,,5,162.5,2
193,193,Harrison Wallace III,WR,Mississippi,Senior,6'1,200,,5,163.9,3
194,194,Sawyer Robertson,QB,Baylor,Senior,6'4,220,4.85,5,164.3,4
195,195,Gary Smith,DL,UCLA,Senior,6'2,340,,5,165.7,3
196,196,Reggie Virgil,WR,Texas Tech,Senior,6'3,190,,5,166.4,3
197,197,Gracen Halton,DL,Oklahoma,Senior,6'2,292,4.86,5,166.6,4
198,198,Rahsual Faison,RB,South Carolina,Graduated,6'0,218,,5,167,2
199,199,Raylen Wilson,LB,Georgia,Junior,6'1,235,4.52,5,168.9,1
200,200,VJ Payne,S,Kansas State,Senior,6'3,208,,5,168.9,2
201,201,Nate Boerkircher,TE,Texas A&M,Graduated,6'4,250,,5,169.1,3
202,202,Sebastian Harsh,EDGE,North Carolina Stare,Senior,6'3,263,,5,169.5,2
203,203,Jalen Husker,S,Maryland,Senior,6'2,201,,5,169.8,2
204,204,Devon Marshall,CB,NC State,Junior,5'11,200,,5,170.4,3
205,205,Caleb Douglas,WR,Texas Tech,Senior,6'4,205,,5,171,3
206,206,Jalen McMurray,CB,Tennessee,Senior,6'0,187,,5,171,2
207,207,Jamarion Miller,RB,Alabama,Senior,5'10,221,,5,171,3
208,208,Antonio Kite,CB,Ole Miss,Junior,6'0,180,4.48,5,171.1,1
209,209,Quinten Joyner,RB,Texas Tech,Sophomore,5'11,205,4.47,5,172.2,1
210,210,Logan Fano,EDGE,Utah,Junior,6'5,260,,5,172.6,2
211,211,Jalon Daniels,QB,Kansas,Senior,6'0,220,4.58,5,172.9,4
212,212,Lewis Bond,WR,Boston College,Senior,5'11,190,,5,173.9,3
213,213,Cole Payton,QB,North Dakota State,Senior,6'3,233,,5,174.3,3
214,214,Eric McAlister,WR,TCU,Senior,6'3,205,4.52,5,174.8,4
215,215,Jeadyn Lukas,CB,Clemson,Senior,6'2,200,,5,175,1
216,216,Noah Fifta,QB,Arizona,Junior,5'10,186,4.75,5,175.6,1
217,217,Tommy Castellanos,QB,Florida State,Senior,5'11,201,,5,175.8,1
218,218,Roman Hemby,RB,Indiana,Senior,6'0,210,,5,175.9,3
219,219,Miller Moss,QB,Louisville,Senior,6'2,210,4.85,5,177.3,3
220,220,Kyle Walljasper,QB,Minnesota Duluth,Senior,6'1,240,,5,177.8,1
221,221,Noah Whittington,RB,Oregon,Senior,5'8,203,,5,177.9,2
222,222,J.Michael Sturdivant,WR,Florida,Senior,6'3,213,4.38,5,178.8,2
223,223,Conner Wegman,QB,Houston,Junior,6'3,210,4.85,5,178.9,1
224,224,Devin Moore,CB,Florida,Senior,6'3,198,,5,180.1,2
225,225,Cameron Ball,DL,Arkansas,Senior,6'5,323,,5,180.6,3
226,226,Rayshaun Benny,DL,Michigan,Senior,6'4,305,4.9,5,181.1,1
227,227,Raion Strader,CB,Pittsburg,,6'0,185,,5,181.7,1
228,228,Kevin Jennings,QB,SMU,Junior,6'0,192,4.6,5,182.2,1
229,229,Bryson Eason,DL,Tennessee,Senior,6'3,310,5.1,5,183,1
230,230,Jaylon Guilbeau,CB,Texas,Senior,6'0,183,,5,183.1,3
231,231,Gunner Stockton,QB,Georgia,Junior,6'1,215,4.65,5,183.3,1
232,232,Miles Kitselman,TE,Tennessee,Senior,6'5,265,4.75,5,183.3,4
233,233,Desmond Reid,RB,Pittsburg,Senior,5'8,175,4.38,5,183.4,4
234,234,Jaydn Ott,RB,Oklahoma,Senior,5'11,208,,5,185.7,4
235,235,Deven Eastern,DL,Minnesota,Senior,6'5,316,,5,186.7,1
236,236,Noah Thomas,WR,Georgia,Senior,6'5,205,4.45,5,188,4
237,237,Peyton Bowen,S,Oklahoma,Junior,6'0,201,,5,188.2,2
238,238,Jake Retzlaff,QB,Tulane,Senior,6'1,205,,5,188.3,1
239,239,Hank Beatty,WR,Illinois,Senior,5'11,185,,5,188.4,2
240,240,Brandon Cleveland,DL,North Carolina,Senior,6'4,315,,5,188.7,2
241,241,Dane Key,WR,Nebraska,Senior,6'3,210,4.5,5,189,3
242,242,Adam Randall,RB,Clemson,Senior,6'2,235,,5,189.7,2
243,243,De'Zhaun Stribling,WR,Ole Miss,Senior,6'2,200,4.52,5,189.7,3
244,244,Carson Ryan,TE,BYU,Senior,6'4,250,,5,189.9,2
245,245,Dillon Bell,WR,Georgia,Senior,6'1,210,,5,190.8,1
246,246,Devin Hobbs,DL,Tennessee,Junior,6'4,290,,5,191.1,1
247,247,Jerry Wilson,CB,Florida State,Senior,5'10,185,,5,191.3,2
248,248,Eric O'Neil,EDGE,Rutgers,Senior,6'3,261,,5,193,3
249,249,Joey Aguilar,QB,Tennesse,Senior,6'3,225,4.85,5,193.2,2
250,250,Kaelon Black,RB,Indiana,Senior,5'10,211,,5,193.3,2
251,251,Brett Norfleet,TE,Missouri,Junior,6'6,263,4.66,5,194.4,1
252,252,Cole Brevard,DL,Texas,Senior,6'3,346,,5,194.8,2
253,253,Lawson Luckie,TE,Georgia,Junior,6'4,240,4.65,5,195.6,1
254,254,Xavier Nwankpa,S,Iowa,Senior,6'2,213,,5,195.7,3
255,255,Jackson Kuwatch,EDGE,Miami (OH),Senior,6'4,235,,5,197,1
256,256,Alex Afari,LB,Unknown,,,,,5,197.8,1
257,257,Khalil Alexander,LB,Texas Stare,Senior,6'3,225,4.62,5,197.8,1
258,258,Cole Wisniewski,S,Texas Tech,Senior,6'4,220,,5,198,2
259,259,Lake McRee,TE,USC,Senior,6'4,250,,5,198.1,2
260,260,Chip Trayanum,RB,Toledo,Senior,5'11,227,,5,198.3,2
261,261,Isaac Smith,S,Mississippi State,Junior,6'0,220,4.6,5,198.9,1
262,262,DJ Harvey,CB,USC,Senior,5'10,190,4.44,5,199.7,3
263,263,Barion Brown,WR,LSU,Senior,5'11,185,4.28,5,200,4
264,264,Hykeem Williams,WR,Colorado,Junior,6'2,220,4.32,5,200,1
265,265,Trey Smack,K,Florida,,,,,5,200,1
266,266,Luke Altmyer,QB,Illinois,Senior,6'2,205,4.75,5,200.3,4
267,267,Preston Hodge,CB,Colorado,Senior,6'0,200,4.53,5,200.4,3
268,268,Dijon Johnson,CB,Florida,Junior,6'1,204,4.48,5,201.1,1
269,269,Damari Brown,CB,Miami,Junior,6'1,190,,5,201.2,2
270,270,Michael Wortham,WR,Montana,Senior,5'9,177,,5,202.3,2
271,271,Will Kacmerek,TE,Ohio Stare,Senior,6'5,258,4.8,5,203.2,2
272,272,DJ Rogers,TE,TCU,Senior,6'3,250,4.64,5,203.3,2
273,273,Isaiah Nwokobia,S,SMU,Senior,6'1,205,,5,203.7,2
274,274,Collin Wright,CB,Stanford,Senior,6'0,195,,5,203.8,2
275,275,Kansei Matsuzawa,K,Hawaii,,,,,5,204,1
276,276,Daniel Harris,CB,California,,6'3,195,,5,204.2,1
277,277,Ethan Conner,CB,Miami,Sophomore,6'1,172,4.5,5,204.4,1
278,278,Devonta Smith,CB,Norte Dame,Senior,6'0,205,,5,204.7,3
279,279,Rene Kings,DL,Louisville,,,,,5,206,1
280,280,Shamar Easter,TE,North Carolina,Freshman,6'5,215,4.58,5,206.7,1
281,281,Athan Kaliakmanis,QB,Rutgers,Senior,6'3,212,,5,207.4,3
282,282,Jack Pyburn,EDGE,LSU,Senior,6'4,264,,5,207.8,3
283,283,Jacobe Johnson,CB,Oklahoma,Junior,6'2,208,4.54,5,207.8,1
284,284,Jack Velling,TE,Michigan State,Senior,6'5,245,,5,207.9,2
285,285,London Humphrey,WR,Georgia,Junior,6'2,200,4.4,5,208.9,1
286,286,Colby Young,WR,Georgia,Senior,6'3,215,4.6,5,209.2,3
287,287,Jaren Kanak,TE,Oklahoma,Senior,6'2,233,,5,209.7,3
288,288,Jalen Catalonia,S,Missouri,Graduated,5'10,200,,5,209.9,3
289,289,Landon Robinson,DL,Navy,Senior,6'0,287,,5,210.5,2
290,290,Tory Grimes,CB,Purdue,Senior,6'1,190,,5,211.1,1
291,291,Deven Eastern,DL,Minnesota,Senior,6'6,320,,5,211.6,2
292,292,Jaylon Braxton,S,Ole Miss,Sophomore,6'0,190,4.48,5,213.3,1
293,293,Trebor Pena,WR,Penn State,Senior,5'10,186,4.52,5,213.8,3
294,294,Jamal Haynes,RB,Georgia Tech,Senior,5'9,190,4.48,5,214,3
295,295,Caden Fordham,EDGE,North Carolina State,,,,,5,215,1
296,296,Eric Gentry,LB,USC,Senior,6'6,225,4.56,5,215,3
297,297,Kyron Jones,QB,Virginia Tech,Senior,6'2,235,4.72,5,215.1,2
298,298,Robert Henry,RB,UTSA,Senior,5'9,205,,5,215.4,2
299,299,Dean Conners,RB,Houston,Senior,6'0,206,,5,215.6,2
300,300,Caulin Lacy,WR,Louisville,Senior,5'10,190,4.45,5,215.7,4
301,301,Kolby Taylor,CB,Vanderbilt,,,,,5,216,1
302,302,Deuce Chester,S,Syracuse,Senior,6'0,195,4.56,5,216.7,2
303,303,Trey Holly,RB,Southern U,Sophomore,5'7,192,4.42,5,217.8,1
304,304,Khalil Saunders,DL,Kentucky,,,,,5,218,1
305,305,Charles Demmings,CB,Stephen F. Austin,Senior,6'1,190,,5,218.7,3
306,306,Rueben Owens II,RB,Texas A&M,Sophomore,5'11,215,4.38,5,218.9,1
307,307,Seydou Traore,TE,Mississippi State,Senior,6'4,235,,5,219.9,2
308,308,Jordan Hall,DL,Georgia,Junior,6'4,330,5.25,5,220,1
309,309,Nick Anderson,S,Wake Forrest,Graduated,5'11,197,,5,220,1
310,310,Tyreek Chappell,CB,Texas A&M,Senior,5'11,180,,5,220.8,2
311,311,Jalil Farooq,WR,Maryland,Senior,6'2,213,4.49,5,221.1,1
312,312,Al'Zillion Hamilton,CB,Fresno State,Senior,5'11,185,,5,222,1
313,313,Raymond Cottrell,WR,Texas A&M,Freshman,6'3,210,4.56,5,222.2,1
314,314,Joe Fagnano,QB,UCONN,Graduated,6'4,225,,5,222.3,2
315,315,Mel Brown,RB,UCONN,Senior,5'9,180,,5,223.3,1
316,316,Jaquaize Pettaway,WR,East Carolina,Junior,6'0,194,4.37,5,224.4,1
317,317,Micah Davey,LB,UTEP,Senior,6'2,235,,5,225,1
318,318,Ja'Keem Jackson,CB,LSU,Sophomore,6'0,190,4.45,5,225.6,1
319,319,Jacob De Jesus,WR,California,Senior,5'7,170,,5,226,1
320,320,Ahmaad Moses,S,SMU,Senior,5'10,205,,5,227.4,2
321,321,DQ Smith,S,South Carolina,Senior,6'1,219,,5,227.4,2
322,322,Denver Harris,CB,UNLV,Senior,6'0,190,,5,227.8,1
323,323,Behring Morton,QB,Texas Tech,Senior,6'2,210,,5,228.9,2
324,324,Damari Lyons,DL,Florida,Junior,6'4,318,,5,228.9,1
325,325,Mohamed Toure,LB,Miami (FL),Graduated,6'2,,,5,229.3,2
326,326,Kendrick Law,WR,Kentucky,Senior,6'0,205,4.42,5,230,1
327,327,Nikai Martinez,S,Michigan State,Senior,5'11,195,,5,230,1
328,328,Jeremiah Franklin,TE,Boston College,Senior,6'3,244,,5,231.7,1
329,329,Malik Spencer,S,Michigan State,Senior,6'1,191,4.5,5,231.7,2
330,330,Dalton Johnson,S,Arizona,Senior,5'11,198,,5,233,1
331,331,Kaleb Elarms-Orr,LB,TCU,Senior,6'2,230,,5,234.1,3
332,332,Desmond Parnell,LB,Kansas State,Senior,6'0,232,,5,234.8,3
333,333,Ayden Williams,WR,Mississippi State,Junior,6'3,205,4.65,5,235.6,1
334,334,Stephen Hall,CB,Missouri,Senior,6'0,202,,5,235.8,1
335,335,Xavian Sorely Jr,LB,Arkansas,Senior,6'3,225,,5,236.4,3
336,336,Keyshaun Elliot,LB,Arizona State,Senior,6'2,235,,5,237.1,2
337,337,Michael Harris,LB,Maryland,Junior,6'1,218,4.65,5,237.8,1
338,338,Justin Jefferson,LB,Alabama,Senior,6'1,227,,5,238.1,2
339,339,Grayson James,QB,Boston College,Senior,6'3,218,,5,238.3,1
340,340,Austin Brown,S,Wisconsin,Senior,6'1,216,,5,238.8,2
341,341,Fred Davis,CB,Northwestern,Senior,6'1,200,4.29,5,238.9,1
342,342,Emmanuel Henderson,WR,Kansas,Senior,6'1,190,,5,239,1
343,343,Logan Diggs,RB,Ole Miss,Senior,6'0,220,,5,239.2,1
344,344,Romello Brinson,WR,SMU,Senior,6'2,190,,5,240.9,3
345,345,Jordan Hudson,WR,SMU,Senior,6'1,200,,5,241,1
346,346,Tre Smith,EDGE,Arizona,Senior,6'5,262,,5,243.3,1
347,347,Malik Benson,WR,Oregon,Senior,6'1,195,,5,244,1
348,348,Mark Gronowski,QB,Iowa,Graduated,6'2,235,,5,244.2,1
349,349,Vinny Anthony,WR,Wisconsin,Senior,6'0,190,,5,244.6,3
350,350,Walter Eget,QB,San Jose State,Senior,6'3,223,,5,245,1
351,351,Makis Deal,DL,TCU,Sophomore,6'5,325,5.1,5,245.6,1
352,352,Donovan Greene,WR,Virginia Tech,Graduated,6'2,196,,5,245.8,1
353,353,Dasan McCullough,EDGE,Nebraska,Senior,6'5,235,4.58,5,246.3,2
354,354,Troy Bowles,LB,Michigan,Junior,6'0,230,4.55,5,246.7,1
355,355,Ben Bell,EDGE,Virginia Tech,Senior,6'1,235,,5,247.5,2
356,356,Jalen Walthall,WR,Incarnate Word,Senior,6'2,180,,5,247.6,2
357,357,Cormani McLain,CB,Florida,Sophomore,6'2,189,4.48,5,247.8,1
358,358,Squirrel White,WR,Florida Stare,Senior,5'10,170,4.28,5,248.3,2
359,359,CJ Donaldson,RB,Ohio State,Senior,6'2,232,,5,248.4,2
360,360,Shad Banks Jr.,LB,UTSA,Senior,6'1,230,4.45,5,248.6,2
361,361,Reid Carrico,LB,West Virginia,Senior,6'2,230,4.65,5,248.9,1
362,362,Eli Heidenreich,WR,Navy,Senior,5'11,197,4.5,5,249,1
363,363,Damonic Williams,DL,Oklahoma,Senior,6'1,323,,5,249.2,1
364,364,Scooby Williams,LB,Texas A&M,Senior,6'2,230,,5,249.5,3
365,365,Star Thomas,RB,Tennessee,Senior,6'0,,,5,250,1
366,366,Tony Rojas,LB,Penn State,Junior,6'2,230,4.44,5,250,1
367,367,Hayes King,QB,Georgia Tech,Senior,6'3,215,4.45,5,250.2,2
368,368,RJ Maryland,TE,SMU,Senior,6'4,240,,5,250.5,2
369,369,Wesley Bissainthe,LB,Miami (FL),Senior,6'1,,,5,250.8,1
370,370,Bauer Sharp,TE,LSU,Senior,6'5,246,,5,251,2
371,371,Dashawn Jones,CB,Alabama,Senior,6'0,190,,5,251.7,1
372,372,AI-Jay Henderson,RB,Buffalo,Senior,5'10,216,,5,253.3,1
373,373,Branson Robinson,RB,Georgia State,Junior,5'10,211,4.55,5,253.3,1
374,374,Keaton Wade,EDGE,Colorado,Senior,6'4,235,4.45,5,254.4,1
375,375,Roydell Williams,RB,Florida State,Senior,5'10,223,,5,255,2
376,376,Ceyair Wright,CB,Nebraska,Senior,6'0,180,,5,255.6,1
377,377,Dean Miller,EDGE,Kansas,Senior,6'5,240,,5,257.5,1
378,378,Korey Foreman,EDGE,Fresno State,Senior,6'4,250,4.75,5,257.8,1
379,379,Namdi Obiazor,LB,TCU,Senior,6'3,230,,5,258.7,2
380,380,Sage Ryan,S,Ole Miss,Senior,5'11,200,4.39,5,258.9,1
381,381,Gunner Maldonado,S,Kansas State,Senior,5'11,193,,5,259.2,1
382,382,Anthony Hankerson,RB,Oregon State,Senior,5'8,206,,5,259.6,2
383,383,Nyjalik Kelly,EDGE,UCF,Senior,6'5,250,,5,259.7,2
384,384,Tanner Arkin,TE,Illinois,Senior,6'4,265,,5,260.8,1
385,385,Keyon Ware-Hudson,DL,Oregon,Senior,6'2,305,4.8,5,261.1,1
386,386,Karon Prunty,CB,Wake Forrest,Senior,6'2,192,,5,261.8,2
387,387,Keshawn Silver,DL,USC,Senior,6'4,330,,5,262.2,3
388,388,Ty Thompson,TE,Tulane,Senior,6'4,224,4.7,5,262.2,1
389,389,Jackie Marshall,EDGE,Baylor,Senior,6'3,306,,5,262.3,2
390,390,Mo Westmoreland,EDGE,Tulane,Senior,6'2,250,,5,263.3,1
391,391,Preston Stone,QB,Northwestern,Senior,6'1,215,4.9,5,263.3,1
392,392,Jason Henderson,LB,Old Dominion,Senior,6'1,225,4.7,5,264.4,1
393,393,Clayton Smith,DL,Arizona State,Senior,6'5,255,4.64,5,264.8,2
394,394,Amari Jackson,CB,Maryland,,5'11,190,,5,265,1
395,395,Latrell McCutchin Sr.,CB,Houston,Senior,6'1,185,,5,265,2
396,396,Dylan Brooks,EDGE,Kansas,Senior,6'4,245,4.6,5,265.6,1
397,397,Kendal Daniels,S,Oklahoma,Senior,6'5,242,,5,266.5,2
398,398,Gabriel Rubio,DL,Norte Dame,Senior,6'5,322,4.9,5,266.7,1
399,399,Devin Mockobee,RB,Purdue,Senior,6'0,202,,5,267.5,1
400,400,Avante Dickerson,CB,Arkansas State,Senior,5'11,181,4.34,5,267.8,1
401,401,Devonte Ross,WR,Penn State,Senior,5'10,170,,5,268.3,1
402,402,Jimmori Robinson,EDGE,West Virginia,Senior,6'4,250,,5,269.2,1
403,403,Rohan Jones,TE,Arkansas,Senior,6'3,242,,5,270,1
404,404,Kentrell Bullock,RB,South Alabama,Senior,5'10,205,,5,270.9,2
405,405,Armoni Goodwin,RB,Utah Martin,Senior,5'8,195,4.42,5,271.1,1
406,406,Christian Leary,WR,Western Michigan,Senior,5'10,180,4.4,5,272.2,1
407,407,Jojo Earle,WR,UNLV,Senior,5'10,185,4.39,5,273.3,1
408,408,Luke Hasz,TE,Ole Miss,Junior,6'3,250,4.68,5,273.3,2
409,409,Dacari Collins,WR,Louisville,Senior,6'4,215,4.51,5,274.4,1
410,410,Marcus Allen,CB,North Carolina,Senior,6'2,190,,5,275,1
411,411,Malcom Greene,CB,Massachusetts,Senior,5'11,190,4.47,5,275.6,1
412,412,JJ Johnson,S,North Carolina,Graduated,5'10,200,,5,275.8,1
413,413,Kobe Prentice,WR,Baylor,Senior,5'11,190,,5,276.5,2
414,414,Tyreek Chappell,S,Texas A&M,Senior,5'11,180,4.45,5,276.7,1
415,415,Dominic Zvada,K,Michigan,Senior,6'3,187,,5,277.9,2
416,416,Jaiden Ausberry,LB,Notre Dame,Sophomore,6'2,228,4.61,5,278.9,1
417,417,Dominic Bailey,EDGE,Tennessee,Senior,6'3,292,,5,279,1
418,418,Aiden Hubbard,EDGE,Northwestern,Graduated,6'4,255,,5,280,2
419,419,Ricardo Hallman,CB,Wisconsin,Graduated,5'10,190,,5,280.7,3
420,420,Makari Vickers,CB,Colorado,Sophomore,6'1,192,4.42,5,281.1,1
421,421,Maverick McIvor,QB,Western Kentucky,Graduated,6'2,214,,5,281.8,2
422,422,Mathew Hiberner,TE,SMU,Graduated,6'5,252,,5,282.3,2
423,423,Marvin Jones Jr,EDGE,Oklahoma,Senior,6'5,262,,5,282.6,2
424,424,Shyheim Brown,S,Florida State,Senior,6'2,201,,5,283.3,1
425,425,Phillip Dunham,S,UCF,Senior,6'1,190,,5,284.3,2
426,426,Jahmal Edrine,WR,Virginia,Senior,6'3,221,,5,285,1
427,427,Damon Payne,DL,Michigan,Senior,6'4,311,5.2,5,285.6,1
428,428,Malik Rutherford,WR,Georgia Tech,Senior,5'9,170,,5,285.8,1
429,429,Sam Huard,QB,USC,Senior,6'1,210,4.85,5,287.8,1
430,430,Da'Shawn Womack,EDGE,Auburn,,6'5,265,,5,288.3,1
431,431,Nyland Green,CB,Arizona Stare,Senior,6'2,185,4.5,5,288.9,1
432,432,Davon Booth,RB,Mississippi State,Graduated,5'10,205,,5,289.2,2
433,433,Max Tomczak,WR,Youngstown State,Senior,6'0,195,,5,289.4,2
434,434,Blake Shapen,QB,Mississippi State,Senior,6'1,210,4.76,5,289.9,3
435,435,Prince Kollie,LB,Vanderbilt,Senior,6'1,227,4.6,5,290,1
436,436,Will Whitson,EDGE,Mississippi State,Graduated,6'5,295,,5,290,1
437,437,Tyler Van Dyke,QB,SMU,Senior,6'4,230,4.85,5,290.4,2
438,438,Byron Caldwell Jr,RB,San Diego State,Senior,6'0,215,4.5,5,291.1,1
439,439,Toriano Pride Jr,CB,Missouri,Senior,5'11,188,,5,291.3,2
440,440,Wade Woodaz,LB,Clemson,Senior,6'4,235,,5,291.7,1
441,441,Chamon Metayer,TE,Arizona State,Senior,6'4,255,,5,291.8,2
442,442,Johnathan Jefferson,DL,SMU,Senior,6'3,315,4.9,5,292.2,1
443,443,Jaden Bray,WR,West Virginia,Senior,6'2,209,4.46,5,293.3,1
444,444,Angel Johnson,RB,Washington State,Senior,5'9,192,,5,294.2,1
445,445,Demon Clowney,LB,South Carolina,Senior,6'4,255,4.55,5,294.4,1
446,446,Amari Niblack,TE,Texas A&M,Senior,6'3,235,,5,295.8,1
447,447,Avery Smith,CB,Toledo,Senior,5'10,185,,5,296.5,2
448,448,Sav'ell Smalls,TE,Colorado,Senior,6'3,265,4.58,5,296.7,1
449,449,Chris Hilton Jr,WR,LSU,Senior,6'0,190,4.35,5,297.6,2
450,450,Mathew Stuka,QB,James Madison,Senior,6'2,211,4.8,5,297.8,1
451,451,Reggie Grimes II,DL,Memphis,Junior,6'4,282,4.77,5,298.9,1
452,452,EJ Williams,WR,Indiana,Senior,6'4,203,4.49,5,300,1
453,453,Stephen Dix Jr.,LB,Arkansas,Senior,6'1,240,4.66,5,301.1,1
454,454,Kendal Dolby,S,Mississippi State,,5'11,194,,5,301.7,1
455,455,Jaleel Skinner,TE,Louisville,Junior,6'5,230,4.48,5,302.2,1
456,456,Shawn Murphy,LB,South Carolina,Junior,6'3,231,4.48,5,304.4,1
457,457,Jerand Bradley,WR,Kansas State,Senior,6'5,223,4.5,5,305.6,1
458,458,Cash Jones,RB,Oregon State,Senior,5'11,195,,5,305.8,2
459,459,Jay Green,S,Stanford,Junior,6'3,215,,5,305.8,1
460,460,Kaiden Salter,QB,Colorado,Senior,6'1,190,4.5,5,305.8,2
461,461,Trey Cooley,RB,Georgia Tech,Senior,5'10,205,4.5,5,307.8,1
462,462,Will Ferrin,K,BYU,Senior,6'3,175,,5,308.5,2
463,463,LJ Johnson,RB,Cal,Senior,5'10,215,4.33,5,308.9,1
464,464,Jacobian Guillory,DL,LSU,Graduated,6'2,318,,5,309.2,1
465,465,Jaylin Davies,CB,Oklahoma Stare,Senior,5'11,180,4.6,5,310,1
466,466,Roy Williams,EDGE,Northern Illinois,Senior,6'6,257,,5,310,1
467,467,Jordan Mosley,WR,Mississippi State,Senior,6'0,195,,5,310.8,1
468,468,Keanu Koht,LB,Vanderbilt,Senior,6'4,232,4.7,5,312.2,1
469,469,DT Sheffield,WR,Rutgers,Senior,5'10,175,,5,312.8,2
470,470,Chase Mason,QB,South Dakota State,Senior,6'4,240,,5,313.3,1
471,471,Deion Colzie,WR,Miami Ohio,Senior,6'4,211,4.46,5,313.3,1
472,472,Jaquez Moore,RB,Duke,Senior,5'10,205,,5,314.2,1
473,473,Raesjon Davis,LB,Oregon State,Senior,6'0,223,4.64,5,314.4,1
474,474,Miles Capers,EDGE,Vanderbilt,Graduated,6'4,249,,5,315,1
475,475,Drew Stevens,K,Iowa,Senior,6'1,205,,5,315.6,2
476,476,Jeff Sims,QB,Arizona State,Senior,6'4,220,4.78,5,316.7,1
477,477,Key Lawrence,S,UCLA,Senior,6'1,200,4.51,5,317.8,1
478,478,DJ Graham II,CB,Kansas,Senior,6'0,200,4.55,5,318.9,1
479,479,Sam M'Pemba,LB,Texas A&M,Sophomore,6'3,252,4.7,5,320,1
480,480,Jayden Ballard,WR,Wisconsin,Senior,6'2,205,4.48,5,321.1,1
481,481,Zach Calzada,QB,Kentucky,Senior,6'4,230,4.75,5,321.3,2
482,482,Stephen Thompson,LB,Florida Stare,Senior,6'1,240,4.65,5,322.2,1
483,483,Jalen Berger,RB,UCLA,Senior,6'1,215,4.58,5,323.3,1
484,484,Matt Lauter,TE,Boise State,Senior,6'3,245,,5,323.3,1
485,485,Raul Aguirre Jr,LB,Miami,Junior,6'2,233,4.65,5,324.4,1
486,486,Corey Walker,EDGE,Wisconsin,Senior,6'5,290,,5,325,1
487,487,Jeremiah Walker,CB,Stephen Austin,Senior,6'0,192,4.5,5,325.6,1
488,488,Jack Kelly,LB,BYU,Senior,6'2,242,,5,325.8,1
489,489,Hank Brown,QB,Iowa,Sophomore,6'4,215,4.85,5,326.7,1
490,490,Ceyair Wright,CB,Nebraska,Senior,6'0,190,,5,327.5,1
491,491,Jared Brown,WR,South Carolina,Senior,6'0,195,4.5,5,327.8,1
492,492,Kevin Gilliam Jr.,DL,Virginia Tech,Senior,6'3,295,4.75,5,328.9,1
493,493,Jordan Pollard,LB,San Jose State,Senior,6'1,202,,5,329.2,1
494,494,Elliot Donald,DL,Pittsburg,Junior,6'3,275,4.69,5,330,1
495,495,Cade Denhoff,EDGE,Clemson,Senior,6'5,260,4.75,5,331.1,1
496,496,Caleb Fauria,TE,Delaware,Graduated,6'5,245,,5,331.7,1
497,497,Ethan Calvert,LB,Cal Ploy,Senior,6'3,215,4.65,5,332.2,1
498,498,Tywone Malone Jr.,DL,Ohio State,Senior,6'4,309,5,5,333.3,1
499,499,Cody Jackson,WR,Tarleton State,Junior,6'0,175,4.44,5,334.4,1
500,500,Jayden Williams,S,UCF,Senior,5'11,185,,5,335,1
501,501,Alton McCaskill,RB,Sam Houston,Junior,6'1,205,4.48,5,335.6,1
502,502,Kam Olds,EDGE,Kentucky,Senior,6'4,252,,5,336.7,1
503,503,Rodrick Pleasent,CB,UCLA,Sophomore,5'10,175,4.24,5,336.7,1
504,504,David Daniel Sisavah,S,Troy,Senior,6'2,190,4.46,5,337.8,1
505,505,Triston Newsom,LB,Missouri,Graduated,6'2,230,,5,338.3,1
506,506,Lorenzo Styles,S,Ohio State,Senior,6'1,195,4.35,5,338.9,1
507,507,Damarius McGhee,CB,Florida Atlantic,Senior,6'0,175,4.49,5,340,1
508,508,Ja'Mori Mackin,WR,Kentucky,Senior,5'11,191,,5,340,1
509,509,Derrick Davis Jr,RB,Pittsburg,Senior,6'0,210,4.56,5,342.2,1
510,510,Rara Thomas,WR,Troy,Senior,6'2,208,4.4,5,343.3,1
511,511,Bryce Carter,EDGE,Texas State,Senior,6'3,274,4.9,5,344.4,1
512,512,Prophet Brown,CB,USC,Senior,5'11,190,4.3,5,345.6,1
513,513,Ryan Niblet,WR,Texas,Sophomore,5'10,187,4.3,5,345.6,1
514,514,Drew Payne,QB,Bowling Green,Senior,6'0,200,4.68,5,346.7,1
515,515,Nyziah Hunter,WR,Nebraska,Sophomore,6'1,205,4.45,5,347.8,1
516,516,Micah Pittman,WR,Utah,Senior,6'0,205,4.55,5,348.9,1
517,517,Demorie Tate,CB,Florida A&M,Senior,6'1,195,4.42,5,350,1
518,518,Dylan Morris,QB,James Madison,Senior,6'1,202,4.85,5,351.1,1
519,519,Darnell Jeffries,DL,Minnesota,Senior,6'3,285,5.09,5,352.2,1
